{"Main":{"B":3.000000058673322,"G":0,"R":189.00000393390656},"ModuleTextColor":{"B":255,"G":255,"R":255},"SelectedModule":{"B":3.000000058673322,"G":0,"R":189.00000393390656},"DeSelectedModule":{"B":2.000000118277967,"G":0,"R":136.00000709295274},"WindowTextColor":{"B":255,"G":255,"R":255}}