{"Main":{"B":44.000001177191737,"G":44.000001177191737,"R":44.000001177191737},"ModuleTextColor":{"B":255,"G":255,"R":255},"SelectedModule":{"B":68.00000354647637,"G":68.00000354647637,"R":68.00000354647637},"DeSelectedModule":{"B":34.00000177323818,"G":34.00000177323818,"R":34.00000177323818},"WindowTextColor":{"B":255,"G":255,"R":255}}